"{1000, ""ed4eda42c01ecb35ed08c88a9930f6adb48bf2fb0cca06c8d492338dd451d058""},"
"{2000, ""6e4fa81c24b89acda5f415732ae49c751303262aeb5ab843c23fc4056471af13""},"
"{3000, ""4a93f5aafc0cf7e54673bc0366fd7e4b1f78e56b97e9d2924cb9661f2b14a0a0""},"
"{4000, ""1fc84b1cb00db87757bc54d485790c3ccea996fdec384313441361118ea1f7fd""},"
"{5000, ""2a4fa21bf5a39f902043d9a5c1785ba0e0800f2e66d5400d7e2c81856b798222""},"
"{6000, ""1f7c20b3032089d3be4003b471e77959965f5b8bd63bdf2b232f18419dd70bb6""},"
"{7000, ""7746beb7afe7ddddc96df8f7c467cb2059d64eaca401dc56edf9e59c102acde6""},"
"{8000, ""06df8d3fa7436bf782eab497d75e164200ebc74f8be01b2ff51dc069a6d3975f""},"
"{9000, ""8e77bcbcf34e1796ad190b6406b620bdb093593ba10e636d5fb19a5d67f4d8b3""},"
"{10000, ""bc98901708c869f12f3b9acd4e6bc59cd14224b998f444af8da019ff7fac23da""},"
"{11000, ""05d3fa397c34275e0cb56f748401dee76e2e06447bd16f05d85ea332b95b628b""},"
"{12000, ""6bd365c09522dc30b194d5227a7dccf36ca794a76dd804bfee9ec7682c4038bc""},"
"{13000, ""17b05406d1825d8e6654f4d71cd32c92d7b45cac9fa7bdf4a0ae01aee123df20""},"
"{14000, ""7a0112e9d8c36a3bc261a0d76cc7a6ad1fcec970849868b9e02299f42e29d7d9""},"
"{15000, ""5de6dd58d67526d46b85c3aacdf615b77042de5a65c20321606916764c812207""},"
"{16000, ""da540142ad9e5653d2925f7165091dc41b71c7b5d4f61f5e9243d8bdd00faf60""},"
"{17000, ""cbb944fedff311d69a49d63d0b36b58418bff13cbb833621dfcafdc6eaab1af0""},"
"{18000, ""53238d77e867e5bdbe6049c45a8d2f40b06f395966fa39e47657288d7a9dfef9""},"
"{19000, ""4a7991f286e2a422ecf93f41c84a1245371fc496675dcd070c9a32e4456a98d1""},"
"{20000, ""bd5395f7dde0d0c77e8cf7f148c0b1b59cb77deb86066313e67465e047e22d71""},"
"{21000, ""150666add02fa38cd761e4206700b94774975fc2ca9b6967f7a9625e3b928601""},"
"{22000, ""e153673697418a2ab3d06e14e3a18ce56c6331de3e1809eb71bfb776d4989bf7""},"
"{23000, ""ff919a9cf1ca49b97e9cc10ad1c9cb7d27391d6f6a3249db60f49ea5cfe47479""},"
"{24000, ""9ac4321d899d7cde5543717ee10ac487af3288f8adfe9a0fb644c6c9c5bbe5b2""},"
"{25000, ""9456f83d7983debc9a1488766501f9d5e0dab65af161da154c23be18bd19b66e""},"
"{26000, ""8e4782cca36791560420acf321c85035f47b5565ea5e01724c0033e77921b9b0""},"
"{27000, ""9c03e581697f69316df69310f395bb3f9329aeddea3a8f30bb149d19ae8773ce""},"
"{28000, ""3a92a2c1a7ff332c24fc62937859e0510d62b5cd60ceb2a99982b97ab91e888c""},"
"{29000, ""1ea7dedda536a52ceff2b37936fa71d3ad3a3f12eda15d23f3f9e2223402e35d""},"
"{30000, ""1ffcb59031845aa13bb04d23d101ed683b209e6e07eca2a3755f2e1e87c25b14""},"
"{31000, ""bc295fe226c3ee9d0adc5404fe4b1ef9ee0ceec3eb9492518bd90b731aa40df2""},"
"{32000, ""1fd2a34f4fba739fd99c3b820427c36df90814664e9d5a82e042085a7629e674""},"
"{33000, ""ef7ea06c2d17cfebf8e7b103d32282bfd92b0d34629366659768b4b422380b30""},"
"{34000, ""7b489868b816f7a92acfd030e63f6162578754eef368366e10261d44180756b2""},"
"{35000, ""6ee52df594142875649a894549b98d6e4bf83eca3712cb0c5a3e22335ad8b7d3""},"
"{36000, ""a515e9cb8c9a78c2093e2896d4498f9b4b675fde2185724da6b190cb9bcad5f8""},"
"{37000, ""d7c83979cf28e256382f10a6ba8ac00710345b93ea6e83fa217222f896518897""},"
"{38000, ""226a4f6d962a3aabdf8282771ce9bdd8344ae55f1442f50211e2a24847bd75ed""},"
"{39000, ""32269d52259b9f6e86cb53479262d8333a310abf7d8ace5a1e8087f1c574cc43""},"
"{40000, ""0539970429d21ee41ee982b927a5952f16a8fa75d17abce437f89c8bb928b3b4""},"
"{41000, ""400dbf96bb2936208abaea5bd392906893322a34c3ee97e1e2d0157d94b6f813""},"
"{42000, ""7c85a6b3eec6649761dfb4794f8ae5a8a59975ea274f64a13a418d88d27668f2""},"
"{43000, ""7bfa18f32dffca6b067e8515fecf36fb03ef688aa98b9ec2bf35f73378e1c73e""},"
"{44000, ""5f16c4c4bd7458526efb531f12efbdfbfc8fba31f4c831fd9eb4acaa2b2deeeb""},"
"{45000, ""85f5231070576e85d91666b12a1a3cc953261d90259f23bd4ae70f78a09aa188""},"
"{46000, ""917317e40c17ca9a01c629c63f8db57b1dceb28e7de301b6dd160aa1caa42237""},"
"{47000, ""d83b98bf2d0c1677cab29b74329aa82dea3eb7e09030cbd4a4682ae4d5ca8ff8""},"
"{48000, ""a3c493aa4290df11cad149bf8e6fd1e48b8deba611b5f0c37342bbe69e26d576""},"
"{49000, ""1dd69fea04c6920bd85587610d8c8282789c0a2674cc618322e3c1a4e824d93e""},"
"{50000, ""aaa3eb2a157b7fa0dbf0d29d48cdd3e533cd5f6a33dea02772556787c7e580bd""},"
"{51000, ""ed59c9211d1f7a66ca82fbc596990d93454ad397fb6a6516b9294b5f44e6188c""},"
"{52000, ""44337b71a4798d29cdcdd3d076b8d54677f07e20c2fd9c879f1e636caf72d94d""},"
"{53000, ""781dc77a2a1facc5036d10271305ce916cf485c185e403a26ab71ff06e423dd2""},"
"{54000, ""96959c0a42b4b3b59a791d586ccb0fa0752b501789a66f9ae9e9e7fc76353bdf""},"
"{55000, ""ba0a130c46365d162862a16151b4c27c32c4c80264d4123d5d26a38fc64cc2a9""},"
"{56000, ""9e45fe016a58d1375c2193bcccafedfc555ab7e71801a1d389c25d89da482cb4""},"
"{57000, ""efc19d8e208830f631d9dbe2c86f806902ebb8a3464c3fdb2cd4de7d363cdbda""},"
"{58000, ""f231d5e45473cdf8674a42fc6cdb23c52b25f4cca33071a054f6dfdbafe07132""},"
"{59000, ""e9516c163e87b94b944b5a9d7b842a6afb2cc3952ff14c5c85b4b3dff022b1f5""},"
"{60000, ""56a8105e4e3c7ff077bd0e26d81ded6849afedea980f4a3fba5e20b907dd75cb""},"
"{61000, ""a24f21af02953ebd872361d64a834f48c4d110f56ef3744869fcfeb431e4771b""},"
"{62000, ""ff486607b555739d4d3fa3590dd5593a913b3da30a4b8d113f616357ecc16ac9""},"
"{63000, ""eab3d0b0a06573cdb563579b2fc6f3f43ddcef55d395113cfd5983b345741ce0""},"
"{64000, ""839043b20043a652b91da063fc3a4edfae7c3436e998ba96f28c158e5ca4b5e2""},"
"{65000, ""a0ab439c5251a4ef6ed3b90230fc78b3d847ade9edd1e5b639f9761c80766f3a""},"
"{66000, ""25063d08d8861fabd49223f1897b9d32f8296a00b45bc13f59d0087d32d99a84""},"
"{67000, ""61bf1d1dd14b87ccf5206fcedc7714e76dc7da123f420c2db2322743a7cd13e8""},"
"{68000, ""e152ee81b0f7d53a5e3667bf1608064e16aa9a1ebf5750c7ce35f67ddf8d641e""},"
"{69000, ""229546e0d84de62d263c31708d490980f1ddd02aa00870329b28cbcfdd9a3e98""},"
"{70000, ""34ce303836d9f98bdf81117d45ee60b4e6102f34765fce9419af0a095871a624""},"
"{71000, ""e4b38e239a018a9250a1cfd8c6a200455228de371cab1801c47b22688ac2ec7b""},"
"{72000, ""39a7d61093cc4834db8629dfc270d0a657ff1cd54ad9dc97729d703a8bfcf565""},"
"{73000, ""eae99bc10c600c721d46719edb194e56bbde09804c189cd57511b688cb1cb598""},"
"{74000, ""10da60dd6194eb4cd8d0bc6abadc017153f361d650e5426d132315724eaad058""},"
"{75000, ""15538fa74d4c9c144a5b3d4a43943cef18a4db85289c591b8031808d4a24e9c5""},"
"{76000, ""9f1120620ffd7cdd8525f2ebaa35ccd7958e761dce9a95245b8e20908f8bf092""},"
"{77000, ""418e0780a0129ec6847bc338dd784ea3ec4ae147fa8f0da13fb19437aad35ee5""},"
"{78000, ""95f6f4d86d914458894231b2f0aaedb56471b648204b1e7e9401af7e62ce14bf""},"
"{79000, ""1eedc533240db47cb65fd477084ac46b6b9cb85db3fc271b166b1985dc16dc21""},"
"{80000, ""87a319e3ff34d22f5be226bd8d6f8f5f6174d860c0fa15104e7cffd215cc2267""},"
"{81000, ""742f0c023840020aaa92047e0d3d50439e0700478a199bc46c5a88d9815d1892""},"
"{82000, ""4dd793883c287e2509934bb85f667307b50ab6674ed21ce8e6390d7b3302b146""},"
"{83000, ""0760d423a408067e2c66d0d9facdf605edb3bd793138a50205b49a897328b94d""},"
"{84000, ""3105a78d1e14042996d270112ea061108b019eea0a4bc3e078b7df4db51dbee0""},"
"{85000, ""6a26f6f7f7c8703d14e5ee9b4801b45623d0704c2973dee026ce4e6213c1cacd""},"
"{86000, ""029a33d038838cb046a1635ec67c4200d096c629ff294eea21d85f5c9e245f48""},"
"{87000, ""3f8d7e3b8cef77e29378c41ca43c38ea2de83453a37f95a76d30fed2e23c2940""},"
"{88000, ""3051a8f87b752d07fa45f58fdca32b25609f9fc05a43d9fba410498c21f06ce2""},"
"{89000, ""c82a0f7453283b139738576d3816c1c08467700747ba112370334b3fcc825dd2""},"
"{90000, ""9c374d362d145a4924b0589ae14f7b18fa18288682600a781ec55fc1b27d058e""},"
"{91000, ""fd3c2dd56f9811850487611f28c9aab1b885a723011bc79a2dd6d3bd7a1f238b""},"
"{92000, ""2ca3a630b9cfb8dad33cbd6d2b1467c764734087209d6bd15360a37f7b0a39fd""},"
"{93000, ""b0a8979062c6ffe0353760495c37de474d16b4b68417c148fbb49cb57ca129fc""},"
"{94000, ""64a4a348cc329b6776f6c2e549b04e4eb451713aaad2acdcc0de49c3c2bfeb8a""},"
"{95000, ""a6f7c7b9637c04c3ed7b7c63422b697aa69522d0f3ecc79064d6e67124023e05""},"
"{96000, ""7e9f7452d51733f23b2090d7604cf87cd0d64415e0740d7dbf5662b2a54aac17""},"
"{97000, ""ec3a0f04e6ca4fd75274eb57c2c3c961b5e498ea843b22ffe16c94f3cad15b0f""},"
"{98000, ""3992fb3aaa57a4703ca0a378d71aa9454406ceba6c3ce472ecee081cc09ea1b2""},"
"{99000, ""53a7352814f643916d16aac0920ac6f3beb04389c38bd5f0ba257d72da2b9bdf""},"
"{100000, ""72ed30ddcfecc853ade6ae775bd241d71c6366e49169b1e9448d2b6ab67c4465""},"
"{101000, ""bb32593488c9388525af362bc8b477d037f699b129abc19d7ef626d109e7330f""},"
"{102000, ""2bd046edb3e226a3827be1a213b0f4ec61ccff6ec3c141eb62deb9121cef4e2e""},"
"{103000, ""59d5dfb5e875616b9bc5bb7678504889f8a70474a664dbd5ab6e1fb2a3d919ce""},"
"{104000, ""b9a0b42ebf22126b335f4c4e0e436bab52be007963e7a2e742f912db8c13b9fc""},"
"{105000, ""631e2f6789f29c1803d76706f9161bc050b55f6cef8596798e4b7b277ede0858""},"
"{106000, ""40a952124d43fb81af1e83b8ebe6dc935191e5ee752a657e7d8d742132be440d""},"
"{107000, ""82c0cd879850323a72041839a3cef8ea2ecb2fea93f25be7935e77ded5460885""},"
"{108000, ""53a4d8fd2417b2225f5099b9bdeb821cf6e3033367b7a81196b0df430d87faa4""},"
"{109000, ""3624f6fd7a3acdf9b14ccc39d629795ad42ddc9e58651c60a332844d813500c6""},"
"{110000, ""2edcbfa0de808a0deb072808bf172e8d70406342b37b3c0f0c7fb8d9714166d6""},"
"{111000, ""36441690343e0bebaa8930e42b33612abb8258256c87790a5870363f329ee07b""},"
"{112000, ""3d2852846a53c4f1f5b6abd76507b99a036809bd99747eba3dbe74aeeda70ee1""},"
"{113000, ""fed436fac38f188648c236a401f2aeded70f46a33a3fb06b525eeefb2f2a3a56""},"
"{114000, ""0703ffc8b2ccbfc270045e752e108666ad952a849dc79ab28ffd26fa8d411325""},"
"{115000, ""9d31a0d42d635541de50f8bf547a58c4bc436020cb7f89680c928e3a4eaddccf""},"
"{116000, ""ad0dcec63a02031913d0765d7100f927a535645a17f202565431edd75747d9c4""},"
"{117000, ""2342259390609bfc14e859232a9b36672e6a6ca8e026a8c66da4590170f136be""},"
"{118000, ""80c1935a01d343584feafc66da657ab878cab1b002d28b4aa0d821decfe7f76b""},"
"{119000, ""b43f8a27152d9e98073b631c8b2e1a91f271b853d2597e26a39051daf1cced1e""},"
"{120000, ""c2f60b689b9fd2fb8ea5e41fb751a56f7824e52a184773516b8b825b20a362ee""},"
"{121000, ""b7db65e1acfba5412f6738fc40812f3bbebecd94b60e94d978caf7889f7aeb45""},"
"{122000, ""2e27f85ce04a5781819c56f211181bb4a31d80c6eccd6cf3b25c8a74caa50739""},"
"{123000, ""1b8c375439c6e925ce23355423b53b86caccc6d8bf0a0dfe195b5b0a637fc476""},"
"{124000, ""111a4d150ad3434696df994f99a6d7cfa23812435983f7d9013c06f676c6bac7""},"
"{125000, ""4392cf4a949599c435ea5a7f510f1eaaeaac787576769d2ef6e24fc36ff0e081""},"
"{126000, ""212b6d87003e9d0568bc2ac52311deb81a166e5c766ab571f53011a7c3ffa2e9""},"
"{127000, ""e944788ea53a14e93e199b6cb67417363ddf1bf59fa210cf781362961cf32494""},"
"{128000, ""d7b47219524c2d5f1a5f4ff753044fd581e20203815a36e0fcd1f6ddade172a6""},"
"{129000, ""5c30af412f48c983757f6b91489db046955bb058588bba7cf4b96315350419e0""},"
"{130000, ""723f2cd0b77e1145834b4e95310a2275a52f5c6f5839358e25cbff58224abb03""},"
"{131000, ""ddf2738e0e16e71a79708d674e92805714326db4a032282a87e08e17dfb858dc""},"
"{132000, ""2cc8d7ca4ab43a2bf948d71a3e121eafc2c21773cdf750c6bf5262baa5374e91""},"
"{133000, ""838855d045c4de1945d954119673ce28a3521dea9ff32fc8175fc647e3588d3e""},"
"{134000, ""79d13c2d7f2690388904dbcd3fb04209fca3d15196cf25733e23ad5c43707e55""},"
"{135000, ""ac8ec626db4bfd6ebc8f286adbc75592368e954f3d4c3d09ce573bb52e7d2c1c""},"
"{136000, ""5e998ab95b1699b7cccc40527b6992744c58a5b79209e86209ab66bc56ed353c""},"
"{137000, ""a45f23f57306afb9d26b5c32fd6887df8bedf41be99b09d20db575ac0d2bdd32""},"
"{138000, ""1b60fdd5cf376d66a0485aa40aa5d0fe21c24db4784185d323ec8b32e28c078b""},"
"{139000, ""50695b265afe1c7789909ddab774fe9132ce1431d8c336a7b44251dbab3aa995""},"
"{140000, ""c061a3955e2fcce5dd8a78c9c50ed8e9ec6602d45706c2614c60d1b53e502013""},"
"{141000, ""a8ba634f6f17ef0c651a6c254e89b0464a0dff8cb4038b7e3e3fc739440c63e8""},"
"{142000, ""fbdeb85e22bc93cad9f1bd2bea359f0c5601d8dbefc878c48929edd6d1f72ee3""},"
"{143000, ""4b53b63fda73538020d4eb793690e1fd29990b338c9a49359e3c6c71f4f33185""},"
"{144000, ""638ad4d38822a4ce47867fd479e7cebfdd68ff35b59910d150b55b02be53fc82""},"
"{145000, ""789a20342f3735f8a301ac7a0932992e9fe5c814e53f9c2e5d70fb86f7a9c97d""},"
"{146000, ""465c35c72c58bb9b78d06244308db51cff9af85938fee723a30f8bbe69f540be""},"
"{147000, ""be14d6934007ddb449914efa1338760a5a4c182ba609390c197a87c519f79f51""},"
"{148000, ""bdf21332b0335879b1088b3ed832fbeaec6ec13b27cd9025650f3c245fabec89""},"
"{149000, ""84f7e29a03445bbb8edd6ca63a3e56f284c33e1919ce783177a7c6bd27df60ad""},"
"{150000, ""7561e8099d523f5f4502137b0546bf9b49dfa7a702e7c84c39d4803cc1677b62""},"
"{151000, ""6be5496ab3a73603233dcc1779da0e2c6af47d59c9096264f22fb3a3618df998""},"
"{152000, ""13d71cdf704e594a77e871a05e97c0ed341e0c2ea55def1c3631b669735bb1db""},"
"{153000, ""bba78f1fd7aecb9266ad4e32c230f4e6d090291da0ea7982f89b789182289e61""},"
"{154000, ""daa66ae0ffa26fb1eb6ebc14b460c58c38a53bf26d5236c62deaf32d2b705a76""},"
"{155000, ""60d795c0c2dec1f483b8d0d774feb48b274adacc78a7728255bcf39f3180a7d5""},"
"{156000, ""82a74835555b65e96ca990eda098d9c83dd615c274ccde72d65405bca56abe25""},"
"{157000, ""b5fab34d76a9b9c8598082caeb94cb7ced6f8624f7c112fc22b13987a57520dc""},"
"{158000, ""1ea3efbcd731ec9d5612519e3e388c654cdb56d9895b384ecd8a7cd5ef9df295""},"
"{159000, ""f1862af6cd5e94a30ed7ec7060572e15de524239ca5aa997ec998311318d6a79""},"
"{160000, ""a6d5c0c221ee7ed7b5b1ef64d1523a6e53023af65edfdcc7a1537cb1d5b0d4c3""},"
"{161000, ""34c5c061c174e10893a90ce9f19f9c858e98778da13f5d5f84ec38d4eb8edb6d""},"
"{162000, ""3b317ab2eefb589f6ed7b847c3eb9b7da8cd9cdfbe37fb357c169848c6d5a81d""},"
"{163000, ""e579943f780f2de25f2a6b8a4b3f1ab0ad5d894416e260547190a3d70f2da2b7""},"
"{164000, ""410a2f07ce8c5c61ee295da10f46d47bc567b289539253398c5d19a37fbf8712""},"
"{165000, ""9143d288e7f06a8242c8b91166f103d36a9f86f00436e847e33614f4f6dc5f37""},"
"{166000, ""b0a342c3a33e560d9f68806d458f7f29772476ffb5a19c60389b806fb5a13f07""},"
"{167000, ""efc7ed1d3354f489a79203421de23369febb21c876343e99f5d107d5e8709910""},"
"{168000, ""7f3211343aa43e74d238456c45dc2cfddb8dece5c1841f8ea0a99fd7df790039""},"
"{169000, ""e499a6add63da87e57f11ba16502d63f3bb0d8bc48792de17506557b55c4e082""},"
"{170000, ""8af3475f6f6adbfeb7c2b961886310298c94f9f40879dc080365d1e33fc44aa4""},"
"{171000, ""da9cb40a8bbbcf95290ae4dd4c897ee0e3043de7c267652451c2c6361131cb56""},"
"{172000, ""db0207d37735d153d2f056ae6e39cd8c5b5f53d4b6a8f39f349c449d25d6621b""},"
"{173000, ""26116acf4c17c8a1611cfebc7ad19ed52804bacbbeab83d9cba2d7381e255a1b""},"
"{174000, ""9002e634c9b15a753cbb0bd155b5c450539a47ab8a306019aec20fd37e464cec""},"
"{175000, ""37121869f08827c96b6e05cc4bd0b29d6fd1d12128e9074fdf4d90e973d55196""},"
"{176000, ""003ca4e421578cc7e6b2c0cb2ed020ff11c6f8aa343bab86b3be9cb8fdae00c5""},"
"{177000, ""191702bf5a6cced700df0ca1033b5c3ec01a9d255a08735198dade3fc031d2dc""},"
"{178000, ""8aa8fc02a9accf905ca0399b99da4d3ebc8fa95cc4cf9fb906c77d6c354d5b21""},"
"{179000, ""27da7633f11299feb63f88b872dd9bb74956e80c2c04e8cc908a19fda3fa4f81""},"
"{180000, ""dec570ace8ee631bd2f5be8903449d70699e832fc76926a0d88adeb95bd9bf73""},"
"{181000, ""4549534b6d2a243c467dbbcf8b7d3796575a3842e4a2f36cc01739e5e8fa4339""},"
"{182000, ""6cfa489e3dd79f2272a8120bab0d7639b51bbe7543e80e886964f5c79471d2bf""},"
"{183000, ""26a8cd9791e0058d3758ae039f552996f83d7e38a58f3272b91f90bcaf7ab9c2""},"
"{184000, ""963a160a86b77c5ff375c137c79d4baada0ebe763171cfb3db0e7cb65a84fccd""},"
"{185000, ""f620c4a8f96ab0f3846b18d961c06c9e7199585a166280a06cce004d8fa47b07""},"
"{186000, ""cfdee44d8bc4c55a4c7b5167adf65d0302358f8c63977baaae6fa3d00785354f""},"
"{187000, ""297d0eabae80675989c852b7d0bfbcc5544ab7bb4479233d1480423631baf05d""},"
"{188000, ""591fa640449a688e05716bf90d5deba7eb76e02af5572598383efe57811a9d53""},"
"{189000, ""d9b6381ba2e3214bd65c72ae1bc2050639ccfeb04fc4ec9c9ee1b3b2e2f9bbfa""},"
"{190000, ""fe4c30531b9136c5a47879dce664581bf4e411173fcdf58956fabc3c2a151c9e""},"
"{191000, ""eb014185e697d653c282fb49fb4255a18ed722b9a061948fa25913739ea7e634""},"
"{192000, ""fbb2d24d5f781bbc48f5cb547308a4185cdba432f36e63dcba75417694cf526c""},"
"{193000, ""397874b7cdcdf7eadd3347f3d38c06297f48957d77edd963626cbe9c90e41d82""},"
"{194000, ""ca7adc517e659c7a2f4cfbc9a95c1ab3a3be8233d67e8d362d8242a457c996ac""},"
"{195000, ""3960810d1cbd522c942b67f1abf9a2ea3c83565949ba77f4ad3e563510f1533c""},"
"{196000, ""9b33efba2c8419295ef50629e95316559dbd5318448ae63754c94771932d4dc7""},"
"{197000, ""f1300b922b43ae56f201a43bfaafc61beb287d40b0b72c78e92623736e3d85de""},"
"{198000, ""1efd95269ad7d5e4be78c0510a09549f6b8158548e63679d092dd5e413b68702""},"
"{199000, ""87f1b16c0c41eb2bcf66688c29b0a735ab245b5ab24210847dd79e6ca0a03624""},"
"{200000, ""8f551da22357a2c81c47d356855ba6b74e659d358cdd725bb0073c120142ad3f""},"
"{201000, ""d41e8d255ad0676bfbfbb7790fdcdd165a3d1c8ba188d0e08f42c2fc1f38d24b""},"
"{202000, ""f421424e410e13104be1685569f5ed750aaa9cef3495c1870dde8709c832c7a5""},"
"{203000, ""16840b24f25e081a6e15e325c6635becc4561e7dfb46bc352adc56fc6241b629""},"
"{204000, ""b47e5285ed58ce4b756900b9e3107440358708a30641416578f50d99ac6c2349""},"
"{205000, ""7f3ee123a210bb9a995cb27892a1fd1885172825498c21ff0f2620db27031514""},"
"{206000, ""b7acbfc7bbf44de92ccb746da70b9e3f76147a718016241e50f1a33a5ca84e40""},"
"{207000, ""73bd22a7636e47386463328df44f7034c7d915cf32c0b6437543a5f43a0a8b54""},"
"{208000, ""9e3b9f8423a993256687128487d634e378cf5600b6bfe848d67ac558d5f81c31""},"
"{209000, ""9ebb3ff559e483009fea0f1c11279ea5d8ec508cc58a5079eaa6c1355b6bbc99""},"
"{210000, ""de1d9465f9ccf493eca8f22345efc9ab57970d0877d4074c65cb4196db804fb5""},"
"{211000, ""7319f9419538638b6f3f727683583894dd4343fa44d43cf2d0435a45230769d4""},"
"{212000, ""a7cb8e9df68aeae747f4c187c917c08059aaec27dbd4264dd8d661d1167784a4""},"
"{213000, ""69b9f7d02ea130a4b629a3dbb24519f67e64d2ec9458fc6be6376fcd6c3966a8""},"
"{214000, ""6e14cb0b0526cd5433ecfc8a38c47c2940c1c79a8bd4276089f558d9d4e00098""},"
"{215000, ""365c9e63e30f390a6e88d082c9ffb725fbf8dd93626f28392e7fc18eae33f148""},"
"{216000, ""3e11e0436a646260231dee8633ebb2e5e5d7ba7daf003909dd3b7a988ec60f6d""},"
"{217000, ""87575df8dbb52bac80d70980073a1241c11523d5d8205f678cce83459d3264b3""},"
"{218000, ""ab08c582b214fa3f5b8c6fed0d030025c676cb4644951b2fe3f1f7778a1d6477""},"
"{219000, ""202422fc05de32ceb93ae903bf5af5b90bf18cd89ee048bc1f91bfb6174d5bd3""},"
"{220000, ""93010122fa94696a61debc4f56fa3fe8c45f393e8f21044386dba1a7d8126b97""},"
"{221000, ""8f56907f5b08ba550f9647c920579907a7f63b5153c55508946a59b0bef0ae49""},"
"{222000, ""7cdecd195db71fddfbcf472352d23dcdff808d75d1d698a32f5fa76b83e68312""},"
"{223000, ""d1eacda919eb0d74ea40fce66cef493ff27759d98ec943ae5090139d743c9664""},"
"{224000, ""14a6d5cf4b7bd2549ac89898a940b305b8158190b53b864e03990c90aa5ab7d6""},"
"{225000, ""fb5420d056b55f8133601cc6620a73ca9b52865d0f7b07c923160f80f1f34ada""},"
"{226000, ""c51df9c5cacc41d44d5a088fbbe949e92042e03b72891daa0eaf096c95c2eec6""},"
"{227000, ""dec86461a6eccb5303b88159c91668a44dde42362588e2b0a62e0b8b16d253ce""},"
"{228000, ""1394ad43a991fd6f60ae037087e34bb366975645f2ebf8d1d4cc6c8a5f44f98f""},"
"{229000, ""7005e2a21c051fd74ad17345044f404dc297e5d352c1100168766dd2c81869dc""},"
"{230000, ""b5ee654cb0fc314cda7d0469d86abc7701fd591f06e2aa0e454b8e3ebb94fe5c""},"
"{231000, ""66284d0afdbe3b1b3f771f496ca502fe005b0f803cb4fafedd34ecd10fc78f17""},"
"{232000, ""0febb9c0f9db3f210445ad19e9cfa6ed7cd0ddaf5c4c3b11eb918b3eb5afed40""},"
"{233000, ""716cecdc6e32a80b0a476b786f85f8a2d702a9179b7fa5cbb70cebee7b10e020""},"
"{234000, ""a9a1b5527dc3cae29e1e52bc217f0d4f8c2072820d2d8e35c6bf20fbd3d5358b""},"
"{235000, ""c905e82aa1808d081bbce5277a13b399c4b7150938c847a46d2c1ac2cdf81f1e""},"
"{236000, ""4662a714580651f670f75094c31893c7668e07a70c1739ab0bc352ecd7ce2d2b""},"
"{237000, ""e3dd5527bd5bcf7405a98d0ee712a9a406a33bee8f09c10f713c40821d738407""},"
"{238000, ""1749d4b74a25a85e8db75d89425cde3a95f6e5712e5b469da45b2afb872e8524""},"
"{239000, ""196748159c49c58c3b344da825bc7a37acb10dd55f112eaabf56f90b4b7a7c35""},"
"{240000, ""73b32d409805b6166a70b67023da0ad446bca3314b2dd2d64f92b53a1f0a4bdc""},"
"{241000, ""0f15030c1dbf73565ea74a0eade7bcb667ee44ea48b052ee0987fdf72d8e15e0""},"
"{242000, ""1038310ad55eefa32184fc395fecf94b676cdece0445b74cc2018c9116f7b987""},"
"{243000, ""912de6e7b73aa0fddfed72b2561e5326a0054b4f96e916bc59bc4a9d1e0f6943""},"
"{244000, ""f404f78c85cedeb67179bb677eda57eb5ec0f59cadafa25c1bce45cb64f0cc40""},"
"{245000, ""651d874a2219c00d63b7ab55ad7dfcf75f713e02789025a69dc85a2595eb65e0""},"
"{246000, ""58c9e5cc6c53f71f454b779e8bec5444bc1b1137020ff4ac24c3e190d7b2bb2d""},"
"{247000, ""41668d078b8c24bebfcb57e0bfbcf92245f407834a02c5c10bdb22eada96c3ac""},"
"{248000, ""f56f646e213fd158519479ffcae6db512dc7c4300fe650bc1447b87b6caabd58""},"
"{249000, ""fc124ed97367789f1d303b5850f9777c2c74c136b2082f375a6197639fdfcd77""},"
"{250000, ""ac5c58e0976386ca076488236c51a242bd4ac10ac254c0c46ae0f2ade2a441ab""},"
"{251000, ""539c684a2f49cd0998180f43a8ed819e22908ea5a9873e811dc16f96aa968e81""},"
"{252000, ""677b96622c091fbb284ef83f15fe3e244eb7623da75732ddda63a259792b43eb""},"
"{253000, ""8591f310bf43e7a77f963b35234784f25f12d1fb3ec3a5cffb118905b0bbf7dc""},"
"{254000, ""671aec5b80c7993fd1663e177d147e21dc260843aaa4dce6c38924f8b980751f""},"
"{255000, ""f1ba04c744189e086c636cfaaa37d24363bcaae30939dee4ff3d2927c8b2ba83""},"
"{256000, ""fd26588e995b49c48cc53def58cc468668c9946a3865667cdd58e3478cff0911""},"
"{257000, ""f97f72908bb103eb8c3e3f867b097bcaf3cef1793ac19f8c62c83218f4df539a""},"
"{258000, ""8ea1dca026299c6f117747582d053736766f65dd3f1e32067f1c252c7f451983""},"
"{259000, ""885cb8b4e090c5f2604fe21aa4aa9850cbe4bccf1efdcd6c8ab2910c4407c2a5""},"
"{260000, ""f29ce194f00070847628f28bc35bd722ce38b2c74edbed34cfa89ef6887ca127""},"
"{261000, ""ee0c0032a708449217db44e758aad8d5a2cffb8e9d38c58df9c51457a3c46930""},"
"{262000, ""7d95b4c899650578cdffa46528427dd6a23a1d7012c03dab537fbb8aed84b86a""},"
"{263000, ""07c9ac507bc8401db079aa65854fa71855e7ff0ea9c72a1309238f4c01d905e0""},"
"{264000, ""f35d48352fe67ab45d75cd156d1735b3a9915260cf8d77498975f861fd94d68c""},"
"{265000, ""558529c627d41868e980fe86497903a9454e7f7d751140d6bdfacf06f966cd81""},"
"{266000, ""da12d5644bb3b80cec336d31294b39e6c8607f78832088e550fa31e4aa47f94c""},"
"{267000, ""6a08890bd64518e88ee52c3f5120143131ec1047f73bb0ce01a08ffeb94669a9""},"
"{268000, ""a0bd739628ab586134fb6033b3a8b44852be164e90d21991adc1264f631e6dd4""},"
"{269000, ""7f607bdd0c51d74aae6c5edb6f506c13308d2d484fd1cc8f293180e304f01c51""},"
"{270000, ""3008122063026940c87be70287fa7ebd8b5b66451aebc2376d9f2f20581ea0b7""},"
"{271000, ""fef4963366cff7137bfcfd871566cef07e99b9996576660fab77facaad09256b""},"
"{272000, ""f1315f3e70643d363b51a887d7ed09a83e9546e0b88ee6bd17d596e049c80c1e""},"
"{273000, ""ddf03c92aae429f239c08b7f3c49fbefd6a1e212610ffffdd34ca25fc71bb1a8""},"
"{274000, ""2c8ac274594bdf1ea9118ee4b0fc14798e174a09badf38fb2e06828c0b1db092""},"
"{275000, ""35c2ae19fed4b77f362988e3211899cd07c1ea9c3def8841d36cdbd8ce326df1""},"
"{276000, ""56793e14663335a4241db6ec77f94416413947b99fa2d4a79c58477cb9e9891d""},"
"{277000, ""7db79dc3aa2ef31e82beff4afa2b74293748f34fa1b3448856542e3950d92381""},"
"{278000, ""16a1285bf7a3811f69170032570e55ee0893517f3c0613d760bb72befc3b03d8""},"
"{279000, ""4fb04b1756f5eaf809cbf32bef38de09d4db8a18b2f5189c250bbf231d22b542""},"
"{280000, ""49d125c63c99e2818120ef4f00978701de5ec645d1b11955e2ac45b7477f4c44""},"
"{281000, ""558e16fe6d0239c6c06c6cfac7af6cfb37fe3021d35da608f88b4dae945fa2d2""},"
"{282000, ""51faf05cb1428d5c9cab94a585d69b9f7b4698671f15b23617d3aea2e9e43162""},"
"{283000, ""ef758ceac48660472348154f4338739d6f6dc476171e59d3aa0c0c754ab952c1""},"
"{284000, ""f9013047a4edd2b658135b7a53992ce21a6db905cbeab27f1b367478abd54608""},"
"{285000, ""f12c69c414d7f21460a9ac05b5365f19e462171712e04f6a36781c716e0af3f1""},"
"{286000, ""01d40faa30305e6bae9c4d8f5f80dc3ef4338a968b16f9e8c4be27df81eb3617""},"
"{287000, ""179319dcc5cba7c6d2db33528a63a715ad4bd4a902dc95a33b87cea2b3087cbd""},"
"{288000, ""88abdfd42217c3c54b23f5f2f162cd50b2d609124088af37620559c84d71ab84""},"
"{289000, ""60fba67e8e65ce55b680d0d4f0a20779e55366e384185682b6618f72fdb3d333""},"
"{290000, ""5012602a3e611ed6f8270a0ae7f34d075a04eb0d9149271d076fc37fb51f07c2""},"
"{291000, ""a61c11b579309cbab9bbfccf2fac30981b0177b1f01397f91d212e7c543b4354""},"
"{292000, ""419e05f88ef7616c23b3a7b90e1351ae2b83919a1492b3c78bd1d8f5cdb86a22""},"
"{293000, ""249af22000ccf51f3e9bfd1074c5cad118be1955c784f4d4fc24b93c3e4ebf79""},"
